video_id,source_video_id,manipulation_type,binary_label,split,video_path
071,071,real,0,train,original/071.mp4
054,054,real,0,train,original/054.mp4
071_054,054,nt,1,train,NeuralTextures/071_054.mp4
054_071,071,nt,1,train,NeuralTextures/054_071.mp4
087,087,real,0,train,original/087.mp4
081,081,real,0,train,original/081.mp4
087_081,081,nt,1,train,NeuralTextures/087_081.mp4
081_087,087,nt,1,train,NeuralTextures/081_087.mp4
881,881,real,0,train,original/881.mp4
856,856,real,0,train,original/856.mp4
881_856,856,nt,1,train,NeuralTextures/881_856.mp4
856_881,881,nt,1,train,NeuralTextures/856_881.mp4
187,187,real,0,train,original/187.mp4
234,234,real,0,train,original/234.mp4
187_234,234,nt,1,train,NeuralTextures/187_234.mp4
234_187,187,nt,1,train,NeuralTextures/234_187.mp4
645,645,real,0,train,original/645.mp4
688,688,real,0,train,original/688.mp4
645_688,688,nt,1,train,NeuralTextures/645_688.mp4
688_645,645,nt,1,train,NeuralTextures/688_645.mp4
754,754,real,0,train,original/754.mp4
758,758,real,0,train,original/758.mp4
754_758,758,nt,1,train,NeuralTextures/754_758.mp4
758_754,754,nt,1,train,NeuralTextures/758_754.mp4
811,811,real,0,train,original/811.mp4
920,920,real,0,train,original/920.mp4
811_920,920,nt,1,train,NeuralTextures/811_920.mp4
920_811,811,nt,1,train,NeuralTextures/920_811.mp4
710,710,real,0,train,original/710.mp4
788,788,real,0,train,original/788.mp4
710_788,788,nt,1,train,NeuralTextures/710_788.mp4
788_710,710,nt,1,train,NeuralTextures/788_710.mp4
628,628,real,0,train,original/628.mp4
568,568,real,0,train,original/568.mp4
628_568,568,nt,1,train,NeuralTextures/628_568.mp4
568_628,628,nt,1,train,NeuralTextures/568_628.mp4
312,312,real,0,train,original/312.mp4
021,021,real,0,train,original/021.mp4
312_021,021,nt,1,train,NeuralTextures/312_021.mp4
021_312,312,nt,1,train,NeuralTextures/021_312.mp4
950,950,real,0,train,original/950.mp4
836,836,real,0,train,original/836.mp4
950_836,836,nt,1,train,NeuralTextures/950_836.mp4
836_950,950,nt,1,train,NeuralTextures/836_950.mp4
059,059,real,0,train,original/059.mp4
050,050,real,0,train,original/050.mp4
059_050,050,nt,1,train,NeuralTextures/059_050.mp4
050_059,059,nt,1,train,NeuralTextures/050_059.mp4
524,524,real,0,train,original/524.mp4
580,580,real,0,train,original/580.mp4
524_580,580,nt,1,train,NeuralTextures/524_580.mp4
580_524,524,nt,1,train,NeuralTextures/580_524.mp4
751,751,real,0,train,original/751.mp4
752,752,real,0,train,original/752.mp4
751_752,752,nt,1,train,NeuralTextures/751_752.mp4
752_751,751,nt,1,train,NeuralTextures/752_751.mp4
918,918,real,0,train,original/918.mp4
934,934,real,0,train,original/934.mp4
918_934,934,nt,1,train,NeuralTextures/918_934.mp4
934_918,918,nt,1,train,NeuralTextures/934_918.mp4
604,604,real,0,train,original/604.mp4
703,703,real,0,train,original/703.mp4
604_703,703,nt,1,train,NeuralTextures/604_703.mp4
703_604,604,nt,1,train,NeuralTextures/703_604.mp4
296,296,real,0,train,original/296.mp4
293,293,real,0,train,original/293.mp4
296_293,293,nt,1,train,NeuralTextures/296_293.mp4
293_296,296,nt,1,train,NeuralTextures/293_296.mp4
518,518,real,0,train,original/518.mp4
131,131,real,0,train,original/131.mp4
518_131,131,nt,1,train,NeuralTextures/518_131.mp4
131_518,518,nt,1,train,NeuralTextures/131_518.mp4
536,536,real,0,train,original/536.mp4
540,540,real,0,train,original/540.mp4
536_540,540,nt,1,train,NeuralTextures/536_540.mp4
540_536,536,nt,1,train,NeuralTextures/540_536.mp4
969,969,real,0,train,original/969.mp4
897,897,real,0,train,original/897.mp4
969_897,897,nt,1,train,NeuralTextures/969_897.mp4
897_969,969,nt,1,train,NeuralTextures/897_969.mp4
372,372,real,0,train,original/372.mp4
413,413,real,0,train,original/413.mp4
372_413,413,nt,1,train,NeuralTextures/372_413.mp4
413_372,372,nt,1,train,NeuralTextures/413_372.mp4
357,357,real,0,train,original/357.mp4
432,432,real,0,train,original/432.mp4
357_432,432,nt,1,train,NeuralTextures/357_432.mp4
432_357,357,nt,1,train,NeuralTextures/432_357.mp4
809,809,real,0,train,original/809.mp4
799,799,real,0,train,original/799.mp4
809_799,799,nt,1,train,NeuralTextures/809_799.mp4
799_809,809,nt,1,train,NeuralTextures/799_809.mp4
092,092,real,0,train,original/092.mp4
098,098,real,0,train,original/098.mp4
092_098,098,nt,1,train,NeuralTextures/092_098.mp4
098_092,092,nt,1,train,NeuralTextures/098_092.mp4
302,302,real,0,train,original/302.mp4
323,323,real,0,train,original/323.mp4
302_323,323,nt,1,train,NeuralTextures/302_323.mp4
323_302,302,nt,1,train,NeuralTextures/323_302.mp4
981,981,real,0,train,original/981.mp4
985,985,real,0,train,original/985.mp4
981_985,985,nt,1,train,NeuralTextures/981_985.mp4
985_981,981,nt,1,train,NeuralTextures/985_981.mp4
512,512,real,0,train,original/512.mp4
495,495,real,0,train,original/495.mp4
512_495,495,nt,1,train,NeuralTextures/512_495.mp4
495_512,512,nt,1,train,NeuralTextures/495_512.mp4
088,088,real,0,train,original/088.mp4
060,060,real,0,train,original/060.mp4
088_060,060,nt,1,train,NeuralTextures/088_060.mp4
060_088,088,nt,1,train,NeuralTextures/060_088.mp4
795,795,real,0,train,original/795.mp4
907,907,real,0,train,original/907.mp4
795_907,907,nt,1,train,NeuralTextures/795_907.mp4
907_795,795,nt,1,train,NeuralTextures/907_795.mp4
535,535,real,0,train,original/535.mp4
587,587,real,0,train,original/587.mp4
535_587,587,nt,1,train,NeuralTextures/535_587.mp4
587_535,535,nt,1,train,NeuralTextures/587_535.mp4
297,297,real,0,train,original/297.mp4
270,270,real,0,train,original/270.mp4
297_270,270,nt,1,train,NeuralTextures/297_270.mp4
270_297,297,nt,1,train,NeuralTextures/270_297.mp4
838,838,real,0,train,original/838.mp4
810,810,real,0,train,original/810.mp4
838_810,810,nt,1,train,NeuralTextures/838_810.mp4
810_838,838,nt,1,train,NeuralTextures/810_838.mp4
850,850,real,0,train,original/850.mp4
764,764,real,0,train,original/764.mp4
850_764,764,nt,1,train,NeuralTextures/850_764.mp4
764_850,850,nt,1,train,NeuralTextures/764_850.mp4
476,476,real,0,train,original/476.mp4
400,400,real,0,train,original/400.mp4
476_400,400,nt,1,train,NeuralTextures/476_400.mp4
400_476,476,nt,1,train,NeuralTextures/400_476.mp4
268,268,real,0,train,original/268.mp4
269,269,real,0,train,original/269.mp4
268_269,269,nt,1,train,NeuralTextures/268_269.mp4
269_268,268,nt,1,train,NeuralTextures/269_268.mp4
033,033,real,0,train,original/033.mp4
097,097,real,0,train,original/097.mp4
033_097,097,nt,1,train,NeuralTextures/033_097.mp4
097_033,033,nt,1,train,NeuralTextures/097_033.mp4
226,226,real,0,train,original/226.mp4
491,491,real,0,train,original/491.mp4
226_491,491,nt,1,train,NeuralTextures/226_491.mp4
491_226,226,nt,1,train,NeuralTextures/491_226.mp4
784,784,real,0,train,original/784.mp4
769,769,real,0,train,original/769.mp4
784_769,769,nt,1,train,NeuralTextures/784_769.mp4
769_784,784,nt,1,train,NeuralTextures/769_784.mp4
195,195,real,0,train,original/195.mp4
442,442,real,0,train,original/442.mp4
195_442,442,nt,1,train,NeuralTextures/195_442.mp4
442_195,195,nt,1,train,NeuralTextures/442_195.mp4
678,678,real,0,train,original/678.mp4
460,460,real,0,train,original/460.mp4
678_460,460,nt,1,train,NeuralTextures/678_460.mp4
460_678,678,nt,1,train,NeuralTextures/460_678.mp4
320,320,real,0,train,original/320.mp4
328,328,real,0,train,original/328.mp4
320_328,328,nt,1,train,NeuralTextures/320_328.mp4
328_320,320,nt,1,train,NeuralTextures/328_320.mp4
451,451,real,0,train,original/451.mp4
449,449,real,0,train,original/449.mp4
451_449,449,nt,1,train,NeuralTextures/451_449.mp4
449_451,451,nt,1,train,NeuralTextures/449_451.mp4
409,409,real,0,train,original/409.mp4
382,382,real,0,train,original/382.mp4
409_382,382,nt,1,train,NeuralTextures/409_382.mp4
382_409,409,nt,1,train,NeuralTextures/382_409.mp4
556,556,real,0,train,original/556.mp4
588,588,real,0,train,original/588.mp4
556_588,588,nt,1,train,NeuralTextures/556_588.mp4
588_556,556,nt,1,train,NeuralTextures/588_556.mp4
027,027,real,0,train,original/027.mp4
009,009,real,0,train,original/009.mp4
027_009,009,nt,1,train,NeuralTextures/027_009.mp4
009_027,027,nt,1,train,NeuralTextures/009_027.mp4
196,196,real,0,train,original/196.mp4
310,310,real,0,train,original/310.mp4
196_310,310,nt,1,train,NeuralTextures/196_310.mp4
310_196,196,nt,1,train,NeuralTextures/310_196.mp4
241,241,real,0,train,original/241.mp4
210,210,real,0,train,original/210.mp4
241_210,210,nt,1,train,NeuralTextures/241_210.mp4
210_241,241,nt,1,train,NeuralTextures/210_241.mp4
295,295,real,0,train,original/295.mp4
099,099,real,0,train,original/099.mp4
295_099,099,nt,1,train,NeuralTextures/295_099.mp4
099_295,295,nt,1,train,NeuralTextures/099_295.mp4
043,043,real,0,train,original/043.mp4
110,110,real,0,train,original/110.mp4
043_110,110,nt,1,train,NeuralTextures/043_110.mp4
110_043,043,nt,1,train,NeuralTextures/110_043.mp4
753,753,real,0,train,original/753.mp4
789,789,real,0,train,original/789.mp4
753_789,789,nt,1,train,NeuralTextures/753_789.mp4
789_753,753,nt,1,train,NeuralTextures/789_753.mp4
716,716,real,0,train,original/716.mp4
712,712,real,0,train,original/712.mp4
716_712,712,nt,1,train,NeuralTextures/716_712.mp4
712_716,716,nt,1,train,NeuralTextures/712_716.mp4
508,508,real,0,train,original/508.mp4
831,831,real,0,train,original/831.mp4
508_831,831,nt,1,train,NeuralTextures/508_831.mp4
831_508,508,nt,1,train,NeuralTextures/831_508.mp4
005,005,real,0,train,original/005.mp4
010,010,real,0,train,original/010.mp4
005_010,010,nt,1,train,NeuralTextures/005_010.mp4
010_005,005,nt,1,train,NeuralTextures/010_005.mp4
276,276,real,0,train,original/276.mp4
185,185,real,0,train,original/185.mp4
276_185,185,nt,1,train,NeuralTextures/276_185.mp4
185_276,276,nt,1,train,NeuralTextures/185_276.mp4
498,498,real,0,train,original/498.mp4
433,433,real,0,train,original/433.mp4
498_433,433,nt,1,train,NeuralTextures/498_433.mp4
433_498,498,nt,1,train,NeuralTextures/433_498.mp4
294,294,real,0,train,original/294.mp4
292,292,real,0,train,original/292.mp4
294_292,292,nt,1,train,NeuralTextures/294_292.mp4
292_294,294,nt,1,train,NeuralTextures/292_294.mp4
105,105,real,0,train,original/105.mp4
180,180,real,0,train,original/180.mp4
105_180,180,nt,1,train,NeuralTextures/105_180.mp4
180_105,105,nt,1,train,NeuralTextures/180_105.mp4
984,984,real,0,train,original/984.mp4
967,967,real,0,train,original/967.mp4
984_967,967,nt,1,train,NeuralTextures/984_967.mp4
967_984,984,nt,1,train,NeuralTextures/967_984.mp4
318,318,real,0,train,original/318.mp4
334,334,real,0,train,original/334.mp4
318_334,334,nt,1,train,NeuralTextures/318_334.mp4
334_318,318,nt,1,train,NeuralTextures/334_318.mp4
356,356,real,0,train,original/356.mp4
324,324,real,0,train,original/324.mp4
356_324,324,nt,1,train,NeuralTextures/356_324.mp4
324_356,356,nt,1,train,NeuralTextures/324_356.mp4
344,344,real,0,train,original/344.mp4
020,020,real,0,train,original/020.mp4
344_020,020,nt,1,train,NeuralTextures/344_020.mp4
020_344,344,nt,1,train,NeuralTextures/020_344.mp4
289,289,real,0,train,original/289.mp4
228,228,real,0,train,original/228.mp4
289_228,228,nt,1,train,NeuralTextures/289_228.mp4
228_289,289,nt,1,train,NeuralTextures/228_289.mp4
022,022,real,0,train,original/022.mp4
489,489,real,0,train,original/489.mp4
022_489,489,nt,1,train,NeuralTextures/022_489.mp4
489_022,022,nt,1,train,NeuralTextures/489_022.mp4
137,137,real,0,train,original/137.mp4
165,165,real,0,train,original/165.mp4
137_165,165,nt,1,train,NeuralTextures/137_165.mp4
165_137,137,nt,1,train,NeuralTextures/165_137.mp4
095,095,real,0,train,original/095.mp4
053,053,real,0,train,original/053.mp4
095_053,053,nt,1,train,NeuralTextures/095_053.mp4
053_095,095,nt,1,train,NeuralTextures/053_095.mp4
999,999,real,0,train,original/999.mp4
960,960,real,0,train,original/960.mp4
999_960,960,nt,1,train,NeuralTextures/999_960.mp4
960_999,999,nt,1,train,NeuralTextures/960_999.mp4
481,481,real,0,train,original/481.mp4
469,469,real,0,train,original/469.mp4
481_469,469,nt,1,train,NeuralTextures/481_469.mp4
469_481,481,nt,1,train,NeuralTextures/469_481.mp4
534,534,real,0,train,original/534.mp4
490,490,real,0,train,original/490.mp4
534_490,490,nt,1,train,NeuralTextures/534_490.mp4
490_534,534,nt,1,train,NeuralTextures/490_534.mp4
543,543,real,0,train,original/543.mp4
559,559,real,0,train,original/559.mp4
543_559,559,nt,1,train,NeuralTextures/543_559.mp4
559_543,543,nt,1,train,NeuralTextures/559_543.mp4
150,150,real,0,train,original/150.mp4
153,153,real,0,train,original/153.mp4
150_153,153,nt,1,train,NeuralTextures/150_153.mp4
153_150,150,nt,1,train,NeuralTextures/153_150.mp4
598,598,real,0,train,original/598.mp4
178,178,real,0,train,original/178.mp4
598_178,178,nt,1,train,NeuralTextures/598_178.mp4
178_598,598,nt,1,train,NeuralTextures/178_598.mp4
475,475,real,0,train,original/475.mp4
265,265,real,0,train,original/265.mp4
475_265,265,nt,1,train,NeuralTextures/475_265.mp4
265_475,475,nt,1,train,NeuralTextures/265_475.mp4
671,671,real,0,train,original/671.mp4
677,677,real,0,train,original/677.mp4
671_677,677,nt,1,train,NeuralTextures/671_677.mp4
677_671,671,nt,1,train,NeuralTextures/677_671.mp4
204,204,real,0,train,original/204.mp4
230,230,real,0,train,original/230.mp4
204_230,230,nt,1,train,NeuralTextures/204_230.mp4
230_204,204,nt,1,train,NeuralTextures/230_204.mp4
863,863,real,0,train,original/863.mp4
853,853,real,0,train,original/853.mp4
863_853,853,nt,1,train,NeuralTextures/863_853.mp4
853_863,863,nt,1,train,NeuralTextures/853_863.mp4
561,561,real,0,train,original/561.mp4
998,998,real,0,train,original/998.mp4
561_998,998,nt,1,train,NeuralTextures/561_998.mp4
998_561,561,nt,1,train,NeuralTextures/998_561.mp4
163,163,real,0,train,original/163.mp4
031,031,real,0,train,original/031.mp4
163_031,031,nt,1,train,NeuralTextures/163_031.mp4
031_163,163,nt,1,train,NeuralTextures/031_163.mp4
655,655,real,0,train,original/655.mp4
444,444,real,0,train,original/444.mp4
655_444,444,nt,1,train,NeuralTextures/655_444.mp4
444_655,655,nt,1,train,NeuralTextures/444_655.mp4
038,038,real,0,train,original/038.mp4
125,125,real,0,train,original/125.mp4
038_125,125,nt,1,train,NeuralTextures/038_125.mp4
125_038,038,nt,1,train,NeuralTextures/125_038.mp4
735,735,real,0,train,original/735.mp4
774,774,real,0,train,original/774.mp4
735_774,774,nt,1,train,NeuralTextures/735_774.mp4
774_735,735,nt,1,train,NeuralTextures/774_735.mp4
184,184,real,0,train,original/184.mp4
205,205,real,0,train,original/205.mp4
184_205,205,nt,1,train,NeuralTextures/184_205.mp4
205_184,184,nt,1,train,NeuralTextures/205_184.mp4
499,499,real,0,train,original/499.mp4
539,539,real,0,train,original/539.mp4
499_539,539,nt,1,train,NeuralTextures/499_539.mp4
539_499,499,nt,1,train,NeuralTextures/539_499.mp4
717,717,real,0,train,original/717.mp4
684,684,real,0,train,original/684.mp4
717_684,684,nt,1,train,NeuralTextures/717_684.mp4
684_717,717,nt,1,train,NeuralTextures/684_717.mp4
878,878,real,0,train,original/878.mp4
866,866,real,0,train,original/866.mp4
878_866,866,nt,1,train,NeuralTextures/878_866.mp4
866_878,878,nt,1,train,NeuralTextures/866_878.mp4
127,127,real,0,train,original/127.mp4
129,129,real,0,train,original/129.mp4
127_129,129,nt,1,train,NeuralTextures/127_129.mp4
129_127,127,nt,1,train,NeuralTextures/129_127.mp4
286,286,real,0,train,original/286.mp4
267,267,real,0,train,original/267.mp4
286_267,267,nt,1,train,NeuralTextures/286_267.mp4
267_286,286,nt,1,train,NeuralTextures/267_286.mp4
032,032,real,0,train,original/032.mp4
944,944,real,0,train,original/944.mp4
032_944,944,nt,1,train,NeuralTextures/032_944.mp4
944_032,032,nt,1,train,NeuralTextures/944_032.mp4
681,681,real,0,train,original/681.mp4
711,711,real,0,train,original/711.mp4
681_711,711,nt,1,train,NeuralTextures/681_711.mp4
711_681,681,nt,1,train,NeuralTextures/711_681.mp4
236,236,real,0,train,original/236.mp4
237,237,real,0,train,original/237.mp4
236_237,237,nt,1,train,NeuralTextures/236_237.mp4
237_236,236,nt,1,train,NeuralTextures/237_236.mp4
989,989,real,0,train,original/989.mp4
993,993,real,0,train,original/993.mp4
989_993,993,nt,1,train,NeuralTextures/989_993.mp4
993_989,989,nt,1,train,NeuralTextures/993_989.mp4
537,537,real,0,train,original/537.mp4
563,563,real,0,train,original/563.mp4
537_563,563,nt,1,train,NeuralTextures/537_563.mp4
563_537,537,nt,1,train,NeuralTextures/563_537.mp4
814,814,real,0,train,original/814.mp4
871,871,real,0,train,original/871.mp4
814_871,871,nt,1,train,NeuralTextures/814_871.mp4
871_814,814,nt,1,train,NeuralTextures/871_814.mp4
509,509,real,0,train,original/509.mp4
525,525,real,0,train,original/525.mp4
509_525,525,nt,1,train,NeuralTextures/509_525.mp4
525_509,509,nt,1,train,NeuralTextures/525_509.mp4
221,221,real,0,train,original/221.mp4
206,206,real,0,train,original/206.mp4
221_206,206,nt,1,train,NeuralTextures/221_206.mp4
206_221,221,nt,1,train,NeuralTextures/206_221.mp4
808,808,real,0,train,original/808.mp4
829,829,real,0,train,original/829.mp4
808_829,829,nt,1,train,NeuralTextures/808_829.mp4
829_808,808,nt,1,train,NeuralTextures/829_808.mp4
696,696,real,0,train,original/696.mp4
686,686,real,0,train,original/686.mp4
696_686,686,nt,1,train,NeuralTextures/696_686.mp4
686_696,696,nt,1,train,NeuralTextures/686_696.mp4
431,431,real,0,train,original/431.mp4
447,447,real,0,train,original/447.mp4
431_447,447,nt,1,train,NeuralTextures/431_447.mp4
447_431,431,nt,1,train,NeuralTextures/447_431.mp4
737,737,real,0,train,original/737.mp4
719,719,real,0,train,original/719.mp4
737_719,719,nt,1,train,NeuralTextures/737_719.mp4
719_737,737,nt,1,train,NeuralTextures/719_737.mp4
609,609,real,0,train,original/609.mp4
596,596,real,0,train,original/596.mp4
609_596,596,nt,1,train,NeuralTextures/609_596.mp4
596_609,609,nt,1,train,NeuralTextures/596_609.mp4
408,408,real,0,train,original/408.mp4
424,424,real,0,train,original/424.mp4
408_424,424,nt,1,train,NeuralTextures/408_424.mp4
424_408,408,nt,1,train,NeuralTextures/424_408.mp4
976,976,real,0,train,original/976.mp4
954,954,real,0,train,original/954.mp4
976_954,954,nt,1,train,NeuralTextures/976_954.mp4
954_976,976,nt,1,train,NeuralTextures/954_976.mp4
156,156,real,0,train,original/156.mp4
243,243,real,0,train,original/243.mp4
156_243,243,nt,1,train,NeuralTextures/156_243.mp4
243_156,156,nt,1,train,NeuralTextures/243_156.mp4
434,434,real,0,train,original/434.mp4
438,438,real,0,train,original/438.mp4
434_438,438,nt,1,train,NeuralTextures/434_438.mp4
438_434,434,nt,1,train,NeuralTextures/438_434.mp4
627,627,real,0,train,original/627.mp4
658,658,real,0,train,original/658.mp4
627_658,658,nt,1,train,NeuralTextures/627_658.mp4
658_627,627,nt,1,train,NeuralTextures/658_627.mp4
025,025,real,0,train,original/025.mp4
067,067,real,0,train,original/067.mp4
025_067,067,nt,1,train,NeuralTextures/025_067.mp4
067_025,025,nt,1,train,NeuralTextures/067_025.mp4
635,635,real,0,train,original/635.mp4
642,642,real,0,train,original/642.mp4
635_642,642,nt,1,train,NeuralTextures/635_642.mp4
642_635,635,nt,1,train,NeuralTextures/642_635.mp4
523,523,real,0,train,original/523.mp4
541,541,real,0,train,original/541.mp4
523_541,541,nt,1,train,NeuralTextures/523_541.mp4
541_523,523,nt,1,train,NeuralTextures/541_523.mp4
572,572,real,0,train,original/572.mp4
554,554,real,0,train,original/554.mp4
572_554,554,nt,1,train,NeuralTextures/572_554.mp4
554_572,572,nt,1,train,NeuralTextures/554_572.mp4
215,215,real,0,train,original/215.mp4
208,208,real,0,train,original/208.mp4
215_208,208,nt,1,train,NeuralTextures/215_208.mp4
208_215,215,nt,1,train,NeuralTextures/208_215.mp4
651,651,real,0,train,original/651.mp4
835,835,real,0,train,original/835.mp4
651_835,835,nt,1,train,NeuralTextures/651_835.mp4
835_651,651,nt,1,train,NeuralTextures/835_651.mp4
975,975,real,0,train,original/975.mp4
978,978,real,0,train,original/978.mp4
975_978,978,nt,1,train,NeuralTextures/975_978.mp4
978_975,975,nt,1,train,NeuralTextures/978_975.mp4
792,792,real,0,train,original/792.mp4
903,903,real,0,train,original/903.mp4
792_903,903,nt,1,train,NeuralTextures/792_903.mp4
903_792,792,nt,1,train,NeuralTextures/903_792.mp4
931,931,real,0,train,original/931.mp4
936,936,real,0,train,original/936.mp4
931_936,936,nt,1,train,NeuralTextures/931_936.mp4
936_931,931,nt,1,train,NeuralTextures/936_931.mp4
846,846,real,0,train,original/846.mp4
845,845,real,0,train,original/845.mp4
846_845,845,nt,1,train,NeuralTextures/846_845.mp4
845_846,846,nt,1,train,NeuralTextures/845_846.mp4
899,899,real,0,train,original/899.mp4
914,914,real,0,train,original/914.mp4
899_914,914,nt,1,train,NeuralTextures/899_914.mp4
914_899,899,nt,1,train,NeuralTextures/914_899.mp4
209,209,real,0,train,original/209.mp4
016,016,real,0,train,original/016.mp4
209_016,016,nt,1,train,NeuralTextures/209_016.mp4
016_209,209,nt,1,train,NeuralTextures/016_209.mp4
398,398,real,0,train,original/398.mp4
457,457,real,0,train,original/457.mp4
398_457,457,nt,1,train,NeuralTextures/398_457.mp4
457_398,398,nt,1,train,NeuralTextures/457_398.mp4
797,797,real,0,train,original/797.mp4
844,844,real,0,train,original/844.mp4
797_844,844,nt,1,train,NeuralTextures/797_844.mp4
844_797,797,nt,1,train,NeuralTextures/844_797.mp4
360,360,real,0,train,original/360.mp4
437,437,real,0,train,original/437.mp4
360_437,437,nt,1,train,NeuralTextures/360_437.mp4
437_360,360,nt,1,train,NeuralTextures/437_360.mp4
738,738,real,0,train,original/738.mp4
804,804,real,0,train,original/804.mp4
738_804,804,nt,1,train,NeuralTextures/738_804.mp4
804_738,738,nt,1,train,NeuralTextures/804_738.mp4
694,694,real,0,train,original/694.mp4
767,767,real,0,train,original/767.mp4
694_767,767,nt,1,train,NeuralTextures/694_767.mp4
767_694,694,nt,1,train,NeuralTextures/767_694.mp4
790,790,real,0,train,original/790.mp4
014,014,real,0,train,original/014.mp4
790_014,014,nt,1,train,NeuralTextures/790_014.mp4
014_790,790,nt,1,train,NeuralTextures/014_790.mp4
657,657,real,0,train,original/657.mp4
644,644,real,0,train,original/644.mp4
657_644,644,nt,1,train,NeuralTextures/657_644.mp4
644_657,657,nt,1,train,NeuralTextures/644_657.mp4
374,374,real,0,train,original/374.mp4
407,407,real,0,train,original/407.mp4
374_407,407,nt,1,train,NeuralTextures/374_407.mp4
407_374,374,nt,1,train,NeuralTextures/407_374.mp4
728,728,real,0,train,original/728.mp4
673,673,real,0,train,original/673.mp4
728_673,673,nt,1,train,NeuralTextures/728_673.mp4
673_728,728,nt,1,train,NeuralTextures/673_728.mp4
193,193,real,0,train,original/193.mp4
030,030,real,0,train,original/030.mp4
193_030,030,nt,1,train,NeuralTextures/193_030.mp4
030_193,193,nt,1,train,NeuralTextures/030_193.mp4
876,876,real,0,train,original/876.mp4
891,891,real,0,train,original/891.mp4
876_891,891,nt,1,train,NeuralTextures/876_891.mp4
891_876,876,nt,1,train,NeuralTextures/891_876.mp4
553,553,real,0,train,original/553.mp4
545,545,real,0,train,original/545.mp4
553_545,545,nt,1,train,NeuralTextures/553_545.mp4
545_553,553,nt,1,train,NeuralTextures/545_553.mp4
331,331,real,0,train,original/331.mp4
260,260,real,0,train,original/260.mp4
331_260,260,nt,1,train,NeuralTextures/331_260.mp4
260_331,331,nt,1,train,NeuralTextures/260_331.mp4
873,873,real,0,train,original/873.mp4
872,872,real,0,train,original/872.mp4
873_872,872,nt,1,train,NeuralTextures/873_872.mp4
872_873,873,nt,1,train,NeuralTextures/872_873.mp4
109,109,real,0,train,original/109.mp4
107,107,real,0,train,original/107.mp4
109_107,107,nt,1,train,NeuralTextures/109_107.mp4
107_109,109,nt,1,train,NeuralTextures/107_109.mp4
121,121,real,0,train,original/121.mp4
093,093,real,0,train,original/093.mp4
121_093,093,nt,1,train,NeuralTextures/121_093.mp4
093_121,121,nt,1,train,NeuralTextures/093_121.mp4
143,143,real,0,train,original/143.mp4
140,140,real,0,train,original/140.mp4
143_140,140,nt,1,train,NeuralTextures/143_140.mp4
140_143,143,nt,1,train,NeuralTextures/140_143.mp4
778,778,real,0,train,original/778.mp4
798,798,real,0,train,original/798.mp4
778_798,798,nt,1,train,NeuralTextures/778_798.mp4
798_778,778,nt,1,train,NeuralTextures/798_778.mp4
983,983,real,0,train,original/983.mp4
113,113,real,0,train,original/113.mp4
983_113,113,nt,1,train,NeuralTextures/983_113.mp4
113_983,983,nt,1,train,NeuralTextures/113_983.mp4
504,504,real,0,train,original/504.mp4
502,502,real,0,train,original/502.mp4
504_502,502,nt,1,train,NeuralTextures/504_502.mp4
502_504,504,nt,1,train,NeuralTextures/502_504.mp4
709,709,real,0,train,original/709.mp4
390,390,real,0,train,original/390.mp4
709_390,390,nt,1,train,NeuralTextures/709_390.mp4
390_709,709,nt,1,train,NeuralTextures/390_709.mp4
940,940,real,0,train,original/940.mp4
941,941,real,0,train,original/941.mp4
940_941,941,nt,1,train,NeuralTextures/940_941.mp4
941_940,940,nt,1,train,NeuralTextures/941_940.mp4
894,894,real,0,train,original/894.mp4
848,848,real,0,train,original/848.mp4
894_848,848,nt,1,train,NeuralTextures/894_848.mp4
848_894,894,nt,1,train,NeuralTextures/848_894.mp4
311,311,real,0,train,original/311.mp4
387,387,real,0,train,original/387.mp4
311_387,387,nt,1,train,NeuralTextures/311_387.mp4
387_311,311,nt,1,train,NeuralTextures/387_311.mp4
562,562,real,0,train,original/562.mp4
626,626,real,0,train,original/626.mp4
562_626,626,nt,1,train,NeuralTextures/562_626.mp4
626_562,562,nt,1,train,NeuralTextures/626_562.mp4
330,330,real,0,train,original/330.mp4
162,162,real,0,train,original/162.mp4
330_162,162,nt,1,train,NeuralTextures/330_162.mp4
162_330,330,nt,1,train,NeuralTextures/162_330.mp4
112,112,real,0,train,original/112.mp4
892,892,real,0,train,original/892.mp4
112_892,892,nt,1,train,NeuralTextures/112_892.mp4
892_112,112,nt,1,train,NeuralTextures/892_112.mp4
765,765,real,0,train,original/765.mp4
867,867,real,0,train,original/867.mp4
765_867,867,nt,1,train,NeuralTextures/765_867.mp4
867_765,765,nt,1,train,NeuralTextures/867_765.mp4
124,124,real,0,train,original/124.mp4
085,085,real,0,train,original/085.mp4
124_085,085,nt,1,train,NeuralTextures/124_085.mp4
085_124,124,nt,1,train,NeuralTextures/085_124.mp4
665,665,real,0,train,original/665.mp4
679,679,real,0,train,original/679.mp4
665_679,679,nt,1,train,NeuralTextures/665_679.mp4
679_665,665,nt,1,train,NeuralTextures/679_665.mp4
414,414,real,0,train,original/414.mp4
385,385,real,0,train,original/385.mp4
414_385,385,nt,1,train,NeuralTextures/414_385.mp4
385_414,414,nt,1,train,NeuralTextures/385_414.mp4
555,555,real,0,train,original/555.mp4
516,516,real,0,train,original/516.mp4
555_516,516,nt,1,train,NeuralTextures/555_516.mp4
516_555,555,nt,1,train,NeuralTextures/516_555.mp4
072,072,real,0,train,original/072.mp4
037,037,real,0,train,original/037.mp4
072_037,037,nt,1,train,NeuralTextures/072_037.mp4
037_072,072,nt,1,train,NeuralTextures/037_072.mp4
086,086,real,0,train,original/086.mp4
090,090,real,0,train,original/090.mp4
086_090,090,nt,1,train,NeuralTextures/086_090.mp4
090_086,086,nt,1,train,NeuralTextures/090_086.mp4
202,202,real,0,train,original/202.mp4
348,348,real,0,train,original/348.mp4
202_348,348,nt,1,train,NeuralTextures/202_348.mp4
348_202,202,nt,1,train,NeuralTextures/348_202.mp4
341,341,real,0,train,original/341.mp4
340,340,real,0,train,original/340.mp4
341_340,340,nt,1,train,NeuralTextures/341_340.mp4
340_341,341,nt,1,train,NeuralTextures/340_341.mp4
333,333,real,0,train,original/333.mp4
377,377,real,0,train,original/377.mp4
333_377,377,nt,1,train,NeuralTextures/333_377.mp4
377_333,333,nt,1,train,NeuralTextures/377_333.mp4
082,082,real,0,train,original/082.mp4
103,103,real,0,train,original/103.mp4
082_103,103,nt,1,train,NeuralTextures/082_103.mp4
103_082,082,nt,1,train,NeuralTextures/103_082.mp4
569,569,real,0,train,original/569.mp4
921,921,real,0,train,original/921.mp4
569_921,921,nt,1,train,NeuralTextures/569_921.mp4
921_569,569,nt,1,train,NeuralTextures/921_569.mp4
750,750,real,0,train,original/750.mp4
743,743,real,0,train,original/743.mp4
750_743,743,nt,1,train,NeuralTextures/750_743.mp4
743_750,750,nt,1,train,NeuralTextures/743_750.mp4
211,211,real,0,train,original/211.mp4
177,177,real,0,train,original/177.mp4
211_177,177,nt,1,train,NeuralTextures/211_177.mp4
177_211,211,nt,1,train,NeuralTextures/177_211.mp4
770,770,real,0,train,original/770.mp4
791,791,real,0,train,original/791.mp4
770_791,791,nt,1,train,NeuralTextures/770_791.mp4
791_770,770,nt,1,train,NeuralTextures/791_770.mp4
329,329,real,0,train,original/329.mp4
327,327,real,0,train,original/327.mp4
329_327,327,nt,1,train,NeuralTextures/329_327.mp4
327_329,329,nt,1,train,NeuralTextures/327_329.mp4
613,613,real,0,train,original/613.mp4
685,685,real,0,train,original/685.mp4
613_685,685,nt,1,train,NeuralTextures/613_685.mp4
685_613,613,nt,1,train,NeuralTextures/685_613.mp4
007,007,real,0,train,original/007.mp4
132,132,real,0,train,original/132.mp4
007_132,132,nt,1,train,NeuralTextures/007_132.mp4
132_007,007,nt,1,train,NeuralTextures/132_007.mp4
304,304,real,0,train,original/304.mp4
300,300,real,0,train,original/300.mp4
304_300,300,nt,1,train,NeuralTextures/304_300.mp4
300_304,304,nt,1,train,NeuralTextures/300_304.mp4
860,860,real,0,train,original/860.mp4
905,905,real,0,train,original/905.mp4
860_905,905,nt,1,train,NeuralTextures/860_905.mp4
905_860,860,nt,1,train,NeuralTextures/905_860.mp4
986,986,real,0,train,original/986.mp4
994,994,real,0,train,original/994.mp4
986_994,994,nt,1,train,NeuralTextures/986_994.mp4
994_986,986,nt,1,train,NeuralTextures/994_986.mp4
378,378,real,0,train,original/378.mp4
368,368,real,0,train,original/368.mp4
378_368,368,nt,1,train,NeuralTextures/378_368.mp4
368_378,378,nt,1,train,NeuralTextures/368_378.mp4
761,761,real,0,train,original/761.mp4
766,766,real,0,train,original/766.mp4
761_766,766,nt,1,train,NeuralTextures/761_766.mp4
766_761,761,nt,1,train,NeuralTextures/766_761.mp4
232,232,real,0,train,original/232.mp4
248,248,real,0,train,original/248.mp4
232_248,248,nt,1,train,NeuralTextures/232_248.mp4
248_232,232,nt,1,train,NeuralTextures/248_232.mp4
136,136,real,0,train,original/136.mp4
285,285,real,0,train,original/285.mp4
136_285,285,nt,1,train,NeuralTextures/136_285.mp4
285_136,136,nt,1,train,NeuralTextures/285_136.mp4
601,601,real,0,train,original/601.mp4
653,653,real,0,train,original/653.mp4
601_653,653,nt,1,train,NeuralTextures/601_653.mp4
653_601,601,nt,1,train,NeuralTextures/653_601.mp4
693,693,real,0,train,original/693.mp4
698,698,real,0,train,original/698.mp4
693_698,698,nt,1,train,NeuralTextures/693_698.mp4
698_693,693,nt,1,train,NeuralTextures/698_693.mp4
359,359,real,0,train,original/359.mp4
317,317,real,0,train,original/317.mp4
359_317,317,nt,1,train,NeuralTextures/359_317.mp4
317_359,359,nt,1,train,NeuralTextures/317_359.mp4
246,246,real,0,train,original/246.mp4
258,258,real,0,train,original/258.mp4
246_258,258,nt,1,train,NeuralTextures/246_258.mp4
258_246,246,nt,1,train,NeuralTextures/258_246.mp4
500,500,real,0,train,original/500.mp4
592,592,real,0,train,original/592.mp4
500_592,592,nt,1,train,NeuralTextures/500_592.mp4
592_500,500,nt,1,train,NeuralTextures/592_500.mp4
776,776,real,0,train,original/776.mp4
676,676,real,0,train,original/676.mp4
776_676,676,nt,1,train,NeuralTextures/776_676.mp4
676_776,776,nt,1,train,NeuralTextures/676_776.mp4
262,262,real,0,train,original/262.mp4
301,301,real,0,train,original/301.mp4
262_301,301,nt,1,train,NeuralTextures/262_301.mp4
301_262,262,nt,1,train,NeuralTextures/301_262.mp4
307,307,real,0,train,original/307.mp4
365,365,real,0,train,original/365.mp4
307_365,365,nt,1,train,NeuralTextures/307_365.mp4
365_307,307,nt,1,train,NeuralTextures/365_307.mp4
600,600,real,0,train,original/600.mp4
505,505,real,0,train,original/505.mp4
600_505,505,nt,1,train,NeuralTextures/600_505.mp4
505_600,600,nt,1,train,NeuralTextures/505_600.mp4
833,833,real,0,train,original/833.mp4
826,826,real,0,train,original/826.mp4
833_826,826,nt,1,train,NeuralTextures/833_826.mp4
826_833,833,nt,1,train,NeuralTextures/826_833.mp4
361,361,real,0,train,original/361.mp4
448,448,real,0,train,original/448.mp4
361_448,448,nt,1,train,NeuralTextures/361_448.mp4
448_361,361,nt,1,train,NeuralTextures/448_361.mp4
473,473,real,0,train,original/473.mp4
366,366,real,0,train,original/366.mp4
473_366,366,nt,1,train,NeuralTextures/473_366.mp4
366_473,473,nt,1,train,NeuralTextures/366_473.mp4
885,885,real,0,train,original/885.mp4
802,802,real,0,train,original/802.mp4
885_802,802,nt,1,train,NeuralTextures/885_802.mp4
802_885,885,nt,1,train,NeuralTextures/802_885.mp4
277,277,real,0,train,original/277.mp4
335,335,real,0,train,original/335.mp4
277_335,335,nt,1,train,NeuralTextures/277_335.mp4
335_277,277,nt,1,train,NeuralTextures/335_277.mp4
667,667,real,0,train,original/667.mp4
446,446,real,0,train,original/446.mp4
667_446,446,nt,1,train,NeuralTextures/667_446.mp4
446_667,667,nt,1,train,NeuralTextures/446_667.mp4
522,522,real,0,train,original/522.mp4
337,337,real,0,train,original/337.mp4
522_337,337,nt,1,train,NeuralTextures/522_337.mp4
337_522,522,nt,1,train,NeuralTextures/337_522.mp4
018,018,real,0,train,original/018.mp4
019,019,real,0,train,original/019.mp4
018_019,019,nt,1,train,NeuralTextures/018_019.mp4
019_018,018,nt,1,train,NeuralTextures/019_018.mp4
430,430,real,0,train,original/430.mp4
459,459,real,0,train,original/459.mp4
430_459,459,nt,1,train,NeuralTextures/430_459.mp4
459_430,430,nt,1,train,NeuralTextures/459_430.mp4
886,886,real,0,train,original/886.mp4
877,877,real,0,train,original/877.mp4
886_877,877,nt,1,train,NeuralTextures/886_877.mp4
877_886,886,nt,1,train,NeuralTextures/877_886.mp4
456,456,real,0,train,original/456.mp4
435,435,real,0,train,original/435.mp4
456_435,435,nt,1,train,NeuralTextures/456_435.mp4
435_456,456,nt,1,train,NeuralTextures/435_456.mp4
239,239,real,0,train,original/239.mp4
218,218,real,0,train,original/218.mp4
239_218,218,nt,1,train,NeuralTextures/239_218.mp4
218_239,239,nt,1,train,NeuralTextures/218_239.mp4
771,771,real,0,train,original/771.mp4
849,849,real,0,train,original/849.mp4
771_849,849,nt,1,train,NeuralTextures/771_849.mp4
849_771,771,nt,1,train,NeuralTextures/849_771.mp4
065,065,real,0,train,original/065.mp4
089,089,real,0,train,original/089.mp4
065_089,089,nt,1,train,NeuralTextures/065_089.mp4
089_065,065,nt,1,train,NeuralTextures/089_065.mp4
654,654,real,0,train,original/654.mp4
648,648,real,0,train,original/648.mp4
654_648,648,nt,1,train,NeuralTextures/654_648.mp4
648_654,654,nt,1,train,NeuralTextures/648_654.mp4
151,151,real,0,train,original/151.mp4
225,225,real,0,train,original/225.mp4
151_225,225,nt,1,train,NeuralTextures/151_225.mp4
225_151,151,nt,1,train,NeuralTextures/225_151.mp4
152,152,real,0,train,original/152.mp4
149,149,real,0,train,original/149.mp4
152_149,149,nt,1,train,NeuralTextures/152_149.mp4
149_152,152,nt,1,train,NeuralTextures/149_152.mp4
229,229,real,0,train,original/229.mp4
247,247,real,0,train,original/247.mp4
229_247,247,nt,1,train,NeuralTextures/229_247.mp4
247_229,229,nt,1,train,NeuralTextures/247_229.mp4
624,624,real,0,train,original/624.mp4
570,570,real,0,train,original/570.mp4
624_570,570,nt,1,train,NeuralTextures/624_570.mp4
570_624,624,nt,1,train,NeuralTextures/570_624.mp4
290,290,real,0,train,original/290.mp4
240,240,real,0,train,original/240.mp4
290_240,240,nt,1,train,NeuralTextures/290_240.mp4
240_290,290,nt,1,train,NeuralTextures/240_290.mp4
011,011,real,0,train,original/011.mp4
805,805,real,0,train,original/805.mp4
011_805,805,nt,1,train,NeuralTextures/011_805.mp4
805_011,011,nt,1,train,NeuralTextures/805_011.mp4
461,461,real,0,train,original/461.mp4
250,250,real,0,train,original/250.mp4
461_250,250,nt,1,train,NeuralTextures/461_250.mp4
250_461,461,nt,1,train,NeuralTextures/250_461.mp4
251,251,real,0,train,original/251.mp4
375,375,real,0,train,original/375.mp4
251_375,375,nt,1,train,NeuralTextures/251_375.mp4
375_251,251,nt,1,train,NeuralTextures/375_251.mp4
639,639,real,0,train,original/639.mp4
841,841,real,0,train,original/841.mp4
639_841,841,nt,1,train,NeuralTextures/639_841.mp4
841_639,639,nt,1,train,NeuralTextures/841_639.mp4
602,602,real,0,train,original/602.mp4
397,397,real,0,train,original/397.mp4
602_397,397,nt,1,train,NeuralTextures/602_397.mp4
397_602,602,nt,1,train,NeuralTextures/397_602.mp4
028,028,real,0,train,original/028.mp4
068,068,real,0,train,original/068.mp4
028_068,068,nt,1,train,NeuralTextures/028_068.mp4
068_028,028,nt,1,train,NeuralTextures/068_028.mp4
338,338,real,0,train,original/338.mp4
336,336,real,0,train,original/336.mp4
338_336,336,nt,1,train,NeuralTextures/338_336.mp4
336_338,338,nt,1,train,NeuralTextures/336_338.mp4
964,964,real,0,train,original/964.mp4
174,174,real,0,train,original/174.mp4
964_174,174,nt,1,train,NeuralTextures/964_174.mp4
174_964,964,nt,1,train,NeuralTextures/174_964.mp4
782,782,real,0,train,original/782.mp4
787,787,real,0,train,original/787.mp4
782_787,787,nt,1,train,NeuralTextures/782_787.mp4
787_782,782,nt,1,train,NeuralTextures/787_782.mp4
478,478,real,0,train,original/478.mp4
506,506,real,0,train,original/506.mp4
478_506,506,nt,1,train,NeuralTextures/478_506.mp4
506_478,478,nt,1,train,NeuralTextures/506_478.mp4
313,313,real,0,train,original/313.mp4
283,283,real,0,train,original/283.mp4
313_283,283,nt,1,train,NeuralTextures/313_283.mp4
283_313,313,nt,1,train,NeuralTextures/283_313.mp4
659,659,real,0,train,original/659.mp4
749,749,real,0,train,original/749.mp4
659_749,749,nt,1,train,NeuralTextures/659_749.mp4
749_659,659,nt,1,train,NeuralTextures/749_659.mp4
690,690,real,0,train,original/690.mp4
689,689,real,0,train,original/689.mp4
690_689,689,nt,1,train,NeuralTextures/690_689.mp4
689_690,690,nt,1,train,NeuralTextures/689_690.mp4
893,893,real,0,train,original/893.mp4
913,913,real,0,train,original/913.mp4
893_913,913,nt,1,train,NeuralTextures/893_913.mp4
913_893,893,nt,1,train,NeuralTextures/913_893.mp4
197,197,real,0,train,original/197.mp4
224,224,real,0,train,original/224.mp4
197_224,224,nt,1,train,NeuralTextures/197_224.mp4
224_197,197,nt,1,train,NeuralTextures/224_197.mp4
253,253,real,0,train,original/253.mp4
183,183,real,0,train,original/183.mp4
253_183,183,nt,1,train,NeuralTextures/253_183.mp4
183_253,253,nt,1,train,NeuralTextures/183_253.mp4
373,373,real,0,train,original/373.mp4
394,394,real,0,train,original/394.mp4
373_394,394,nt,1,train,NeuralTextures/373_394.mp4
394_373,373,nt,1,train,NeuralTextures/394_373.mp4
803,803,real,0,train,original/803.mp4
017,017,real,0,train,original/017.mp4
803_017,017,nt,1,train,NeuralTextures/803_017.mp4
017_803,803,nt,1,train,NeuralTextures/017_803.mp4
305,305,real,0,train,original/305.mp4
513,513,real,0,train,original/513.mp4
305_513,513,nt,1,train,NeuralTextures/305_513.mp4
513_305,305,nt,1,train,NeuralTextures/513_305.mp4
051,051,real,0,train,original/051.mp4
332,332,real,0,train,original/332.mp4
051_332,332,nt,1,train,NeuralTextures/051_332.mp4
332_051,051,nt,1,train,NeuralTextures/332_051.mp4
238,238,real,0,train,original/238.mp4
282,282,real,0,train,original/282.mp4
238_282,282,nt,1,train,NeuralTextures/238_282.mp4
282_238,238,nt,1,train,NeuralTextures/282_238.mp4
621,621,real,0,train,original/621.mp4
546,546,real,0,train,original/546.mp4
621_546,546,nt,1,train,NeuralTextures/621_546.mp4
546_621,621,nt,1,train,NeuralTextures/546_621.mp4
401,401,real,0,train,original/401.mp4
395,395,real,0,train,original/395.mp4
401_395,395,nt,1,train,NeuralTextures/401_395.mp4
395_401,401,nt,1,train,NeuralTextures/395_401.mp4
510,510,real,0,train,original/510.mp4
528,528,real,0,train,original/528.mp4
510_528,528,nt,1,train,NeuralTextures/510_528.mp4
528_510,510,nt,1,train,NeuralTextures/528_510.mp4
410,410,real,0,train,original/410.mp4
411,411,real,0,train,original/411.mp4
410_411,411,nt,1,train,NeuralTextures/410_411.mp4
411_410,410,nt,1,train,NeuralTextures/411_410.mp4
049,049,real,0,train,original/049.mp4
946,946,real,0,train,original/946.mp4
049_946,946,nt,1,train,NeuralTextures/049_946.mp4
946_049,049,nt,1,train,NeuralTextures/946_049.mp4
663,663,real,0,train,original/663.mp4
231,231,real,0,train,original/231.mp4
663_231,231,nt,1,train,NeuralTextures/663_231.mp4
231_663,663,nt,1,train,NeuralTextures/231_663.mp4
477,477,real,0,train,original/477.mp4
487,487,real,0,train,original/487.mp4
477_487,487,nt,1,train,NeuralTextures/477_487.mp4
487_477,477,nt,1,train,NeuralTextures/487_477.mp4
252,252,real,0,train,original/252.mp4
266,266,real,0,train,original/266.mp4
252_266,266,nt,1,train,NeuralTextures/252_266.mp4
266_252,252,nt,1,train,NeuralTextures/266_252.mp4
952,952,real,0,train,original/952.mp4
882,882,real,0,train,original/882.mp4
952_882,882,nt,1,train,NeuralTextures/952_882.mp4
882_952,952,nt,1,train,NeuralTextures/882_952.mp4
315,315,real,0,train,original/315.mp4
322,322,real,0,train,original/322.mp4
315_322,322,nt,1,train,NeuralTextures/315_322.mp4
322_315,315,nt,1,train,NeuralTextures/322_315.mp4
216,216,real,0,train,original/216.mp4
164,164,real,0,train,original/164.mp4
216_164,164,nt,1,train,NeuralTextures/216_164.mp4
164_216,216,nt,1,train,NeuralTextures/164_216.mp4
061,061,real,0,train,original/061.mp4
080,080,real,0,train,original/080.mp4
061_080,080,nt,1,train,NeuralTextures/061_080.mp4
080_061,061,nt,1,train,NeuralTextures/080_061.mp4
603,603,real,0,train,original/603.mp4
575,575,real,0,train,original/575.mp4
603_575,575,nt,1,train,NeuralTextures/603_575.mp4
575_603,603,nt,1,train,NeuralTextures/575_603.mp4
828,828,real,0,train,original/828.mp4
830,830,real,0,train,original/830.mp4
828_830,830,nt,1,train,NeuralTextures/828_830.mp4
830_828,828,nt,1,train,NeuralTextures/830_828.mp4
723,723,real,0,train,original/723.mp4
704,704,real,0,train,original/704.mp4
723_704,704,nt,1,train,NeuralTextures/723_704.mp4
704_723,723,nt,1,train,NeuralTextures/704_723.mp4
870,870,real,0,train,original/870.mp4
001,001,real,0,train,original/001.mp4
870_001,001,nt,1,train,NeuralTextures/870_001.mp4
001_870,870,nt,1,train,NeuralTextures/001_870.mp4
201,201,real,0,train,original/201.mp4
203,203,real,0,train,original/203.mp4
201_203,203,nt,1,train,NeuralTextures/201_203.mp4
203_201,201,nt,1,train,NeuralTextures/203_201.mp4
652,652,real,0,train,original/652.mp4
773,773,real,0,train,original/773.mp4
652_773,773,nt,1,train,NeuralTextures/652_773.mp4
773_652,652,nt,1,train,NeuralTextures/773_652.mp4
108,108,real,0,train,original/108.mp4
052,052,real,0,train,original/052.mp4
108_052,052,nt,1,train,NeuralTextures/108_052.mp4
052_108,108,nt,1,train,NeuralTextures/052_108.mp4
272,272,real,0,train,original/272.mp4
396,396,real,0,train,original/396.mp4
272_396,396,nt,1,train,NeuralTextures/272_396.mp4
396_272,272,nt,1,train,NeuralTextures/396_272.mp4
040,040,real,0,train,original/040.mp4
997,997,real,0,train,original/997.mp4
040_997,997,nt,1,train,NeuralTextures/040_997.mp4
997_040,040,nt,1,train,NeuralTextures/997_040.mp4
988,988,real,0,train,original/988.mp4
966,966,real,0,train,original/966.mp4
988_966,966,nt,1,train,NeuralTextures/988_966.mp4
966_988,988,nt,1,train,NeuralTextures/966_988.mp4
281,281,real,0,train,original/281.mp4
474,474,real,0,train,original/474.mp4
281_474,474,nt,1,train,NeuralTextures/281_474.mp4
474_281,281,nt,1,train,NeuralTextures/474_281.mp4
077,077,real,0,train,original/077.mp4
100,100,real,0,train,original/100.mp4
077_100,100,nt,1,train,NeuralTextures/077_100.mp4
100_077,077,nt,1,train,NeuralTextures/100_077.mp4
146,146,real,0,train,original/146.mp4
256,256,real,0,train,original/256.mp4
146_256,256,nt,1,train,NeuralTextures/146_256.mp4
256_146,146,nt,1,train,NeuralTextures/256_146.mp4
972,972,real,0,train,original/972.mp4
718,718,real,0,train,original/718.mp4
972_718,718,nt,1,train,NeuralTextures/972_718.mp4
718_972,972,nt,1,train,NeuralTextures/718_972.mp4
303,303,real,0,train,original/303.mp4
309,309,real,0,train,original/309.mp4
303_309,309,nt,1,train,NeuralTextures/303_309.mp4
309_303,303,nt,1,train,NeuralTextures/309_303.mp4
582,582,real,0,train,original/582.mp4
172,172,real,0,train,original/172.mp4
582_172,172,nt,1,train,NeuralTextures/582_172.mp4
172_582,582,nt,1,train,NeuralTextures/172_582.mp4
222,222,real,0,train,original/222.mp4
168,168,real,0,train,original/168.mp4
222_168,168,nt,1,train,NeuralTextures/222_168.mp4
168_222,222,nt,1,train,NeuralTextures/168_222.mp4
884,884,real,0,train,original/884.mp4
968,968,real,0,train,original/968.mp4
884_968,968,nt,1,train,NeuralTextures/884_968.mp4
968_884,884,nt,1,train,NeuralTextures/968_884.mp4
217,217,real,0,train,original/217.mp4
117,117,real,0,train,original/117.mp4
217_117,117,nt,1,train,NeuralTextures/217_117.mp4
117_217,217,nt,1,train,NeuralTextures/117_217.mp4
118,118,real,0,train,original/118.mp4
120,120,real,0,train,original/120.mp4
118_120,120,nt,1,train,NeuralTextures/118_120.mp4
120_118,118,nt,1,train,NeuralTextures/120_118.mp4
242,242,real,0,train,original/242.mp4
182,182,real,0,train,original/182.mp4
242_182,182,nt,1,train,NeuralTextures/242_182.mp4
182_242,242,nt,1,train,NeuralTextures/182_242.mp4
858,858,real,0,train,original/858.mp4
861,861,real,0,train,original/861.mp4
858_861,861,nt,1,train,NeuralTextures/858_861.mp4
861_858,858,nt,1,train,NeuralTextures/861_858.mp4
101,101,real,0,train,original/101.mp4
096,096,real,0,train,original/096.mp4
101_096,096,nt,1,train,NeuralTextures/101_096.mp4
096_101,101,nt,1,train,NeuralTextures/096_101.mp4
697,697,real,0,train,original/697.mp4
581,581,real,0,train,original/581.mp4
697_581,581,nt,1,train,NeuralTextures/697_581.mp4
581_697,697,nt,1,train,NeuralTextures/581_697.mp4
763,763,real,0,train,original/763.mp4
930,930,real,0,train,original/930.mp4
763_930,930,nt,1,train,NeuralTextures/763_930.mp4
930_763,763,nt,1,train,NeuralTextures/930_763.mp4
839,839,real,0,train,original/839.mp4
864,864,real,0,train,original/864.mp4
839_864,864,nt,1,train,NeuralTextures/839_864.mp4
864_839,839,nt,1,train,NeuralTextures/864_839.mp4
542,542,real,0,train,original/542.mp4
520,520,real,0,train,original/520.mp4
542_520,520,nt,1,train,NeuralTextures/542_520.mp4
520_542,542,nt,1,train,NeuralTextures/520_542.mp4
122,122,real,0,train,original/122.mp4
144,144,real,0,train,original/144.mp4
122_144,144,nt,1,train,NeuralTextures/122_144.mp4
144_122,122,nt,1,train,NeuralTextures/144_122.mp4
687,687,real,0,train,original/687.mp4
615,615,real,0,train,original/615.mp4
687_615,615,nt,1,train,NeuralTextures/687_615.mp4
615_687,687,nt,1,train,NeuralTextures/615_687.mp4
544,544,real,0,train,original/544.mp4
532,532,real,0,train,original/532.mp4
544_532,532,nt,1,train,NeuralTextures/544_532.mp4
532_544,544,nt,1,train,NeuralTextures/532_544.mp4
721,721,real,0,train,original/721.mp4
715,715,real,0,train,original/715.mp4
721_715,715,nt,1,train,NeuralTextures/721_715.mp4
715_721,721,nt,1,train,NeuralTextures/715_721.mp4
179,179,real,0,train,original/179.mp4
212,212,real,0,train,original/212.mp4
179_212,212,nt,1,train,NeuralTextures/179_212.mp4
212_179,179,nt,1,train,NeuralTextures/212_179.mp4
591,591,real,0,train,original/591.mp4
605,605,real,0,train,original/605.mp4
591_605,605,nt,1,train,NeuralTextures/591_605.mp4
605_591,591,nt,1,train,NeuralTextures/605_591.mp4
275,275,real,0,train,original/275.mp4
887,887,real,0,train,original/887.mp4
275_887,887,nt,1,train,NeuralTextures/275_887.mp4
887_275,275,nt,1,train,NeuralTextures/887_275.mp4
996,996,real,0,train,original/996.mp4
056,056,real,0,train,original/056.mp4
996_056,056,nt,1,train,NeuralTextures/996_056.mp4
056_996,996,nt,1,train,NeuralTextures/056_996.mp4
825,825,real,0,train,original/825.mp4
074,074,real,0,train,original/074.mp4
825_074,074,nt,1,train,NeuralTextures/825_074.mp4
074_825,825,nt,1,train,NeuralTextures/074_825.mp4
530,530,real,0,train,original/530.mp4
594,594,real,0,train,original/594.mp4
530_594,594,nt,1,train,NeuralTextures/530_594.mp4
594_530,530,nt,1,train,NeuralTextures/594_530.mp4
757,757,real,0,train,original/757.mp4
573,573,real,0,train,original/573.mp4
757_573,573,nt,1,train,NeuralTextures/757_573.mp4
573_757,757,nt,1,train,NeuralTextures/573_757.mp4
611,611,real,0,train,original/611.mp4
760,760,real,0,train,original/760.mp4
611_760,760,nt,1,train,NeuralTextures/611_760.mp4
760_611,611,nt,1,train,NeuralTextures/760_611.mp4
189,189,real,0,train,original/189.mp4
200,200,real,0,train,original/200.mp4
189_200,200,nt,1,train,NeuralTextures/189_200.mp4
200_189,189,nt,1,train,NeuralTextures/200_189.mp4
392,392,real,0,train,original/392.mp4
339,339,real,0,train,original/339.mp4
392_339,339,nt,1,train,NeuralTextures/392_339.mp4
339_392,392,nt,1,train,NeuralTextures/339_392.mp4
734,734,real,0,train,original/734.mp4
699,699,real,0,train,original/699.mp4
734_699,699,nt,1,train,NeuralTextures/734_699.mp4
699_734,734,nt,1,train,NeuralTextures/699_734.mp4
977,977,real,0,train,original/977.mp4
075,075,real,0,train,original/075.mp4
977_075,075,nt,1,train,NeuralTextures/977_075.mp4
075_977,977,nt,1,train,NeuralTextures/075_977.mp4
879,879,real,0,train,original/879.mp4
963,963,real,0,train,original/963.mp4
879_963,963,nt,1,train,NeuralTextures/879_963.mp4
963_879,879,nt,1,train,NeuralTextures/963_879.mp4
910,910,real,0,train,original/910.mp4
911,911,real,0,train,original/911.mp4
910_911,911,nt,1,train,NeuralTextures/910_911.mp4
911_910,910,nt,1,train,NeuralTextures/911_910.mp4
889,889,real,0,train,original/889.mp4
045,045,real,0,train,original/045.mp4
889_045,045,nt,1,train,NeuralTextures/889_045.mp4
045_889,889,nt,1,train,NeuralTextures/045_889.mp4
962,962,real,0,train,original/962.mp4
929,929,real,0,train,original/929.mp4
962_929,929,nt,1,train,NeuralTextures/962_929.mp4
929_962,962,nt,1,train,NeuralTextures/929_962.mp4
515,515,real,0,train,original/515.mp4
519,519,real,0,train,original/519.mp4
515_519,519,nt,1,train,NeuralTextures/515_519.mp4
519_515,515,nt,1,train,NeuralTextures/519_515.mp4
062,062,real,0,train,original/062.mp4
066,066,real,0,train,original/066.mp4
062_066,066,nt,1,train,NeuralTextures/062_066.mp4
066_062,062,nt,1,train,NeuralTextures/066_062.mp4
937,937,real,0,train,original/937.mp4
888,888,real,0,train,original/888.mp4
937_888,888,nt,1,train,NeuralTextures/937_888.mp4
888_937,937,nt,1,train,NeuralTextures/888_937.mp4
199,199,real,0,train,original/199.mp4
181,181,real,0,train,original/181.mp4
199_181,181,nt,1,train,NeuralTextures/199_181.mp4
181_199,199,nt,1,train,NeuralTextures/181_199.mp4
785,785,real,0,train,original/785.mp4
736,736,real,0,train,original/736.mp4
785_736,736,nt,1,train,NeuralTextures/785_736.mp4
736_785,785,nt,1,train,NeuralTextures/736_785.mp4
079,079,real,0,train,original/079.mp4
076,076,real,0,train,original/076.mp4
079_076,076,nt,1,train,NeuralTextures/079_076.mp4
076_079,079,nt,1,train,NeuralTextures/076_079.mp4
155,155,real,0,train,original/155.mp4
576,576,real,0,train,original/576.mp4
155_576,576,nt,1,train,NeuralTextures/155_576.mp4
576_155,155,nt,1,train,NeuralTextures/576_155.mp4
748,748,real,0,train,original/748.mp4
355,355,real,0,train,original/355.mp4
748_355,355,nt,1,train,NeuralTextures/748_355.mp4
355_748,748,nt,1,train,NeuralTextures/355_748.mp4
819,819,real,0,train,original/819.mp4
786,786,real,0,train,original/786.mp4
819_786,786,nt,1,train,NeuralTextures/819_786.mp4
786_819,819,nt,1,train,NeuralTextures/786_819.mp4
577,577,real,0,train,original/577.mp4
593,593,real,0,train,original/593.mp4
577_593,593,nt,1,train,NeuralTextures/577_593.mp4
593_577,577,nt,1,train,NeuralTextures/593_577.mp4
464,464,real,0,train,original/464.mp4
463,463,real,0,train,original/463.mp4
464_463,463,nt,1,train,NeuralTextures/464_463.mp4
463_464,464,nt,1,train,NeuralTextures/463_464.mp4
439,439,real,0,train,original/439.mp4
441,441,real,0,train,original/441.mp4
439_441,441,nt,1,train,NeuralTextures/439_441.mp4
441_439,439,nt,1,train,NeuralTextures/441_439.mp4
574,574,real,0,train,original/574.mp4
547,547,real,0,train,original/547.mp4
574_547,547,nt,1,train,NeuralTextures/574_547.mp4
547_574,574,nt,1,train,NeuralTextures/547_574.mp4
747,747,real,0,train,original/747.mp4
854,854,real,0,train,original/854.mp4
747_854,854,nt,1,train,NeuralTextures/747_854.mp4
854_747,747,nt,1,train,NeuralTextures/854_747.mp4
403,403,real,0,train,original/403.mp4
497,497,real,0,train,original/497.mp4
403_497,497,nt,1,train,NeuralTextures/403_497.mp4
497_403,403,nt,1,train,NeuralTextures/497_403.mp4
965,965,real,0,train,original/965.mp4
948,948,real,0,train,original/948.mp4
965_948,948,nt,1,train,NeuralTextures/965_948.mp4
948_965,965,nt,1,train,NeuralTextures/948_965.mp4
726,726,real,0,train,original/726.mp4
713,713,real,0,train,original/713.mp4
726_713,713,nt,1,train,NeuralTextures/726_713.mp4
713_726,726,nt,1,train,NeuralTextures/713_726.mp4
943,943,real,0,train,original/943.mp4
942,942,real,0,train,original/942.mp4
943_942,942,nt,1,train,NeuralTextures/943_942.mp4
942_943,943,nt,1,train,NeuralTextures/942_943.mp4
160,160,real,0,train,original/160.mp4
928,928,real,0,train,original/928.mp4
160_928,928,nt,1,train,NeuralTextures/160_928.mp4
928_160,160,nt,1,train,NeuralTextures/928_160.mp4
496,496,real,0,train,original/496.mp4
417,417,real,0,train,original/417.mp4
496_417,417,nt,1,train,NeuralTextures/496_417.mp4
417_496,496,nt,1,train,NeuralTextures/417_496.mp4
700,700,real,0,train,original/700.mp4
813,813,real,0,train,original/813.mp4
700_813,813,nt,1,train,NeuralTextures/700_813.mp4
813_700,700,nt,1,train,NeuralTextures/813_700.mp4
756,756,real,0,train,original/756.mp4
503,503,real,0,train,original/503.mp4
756_503,503,nt,1,train,NeuralTextures/756_503.mp4
503_756,756,nt,1,train,NeuralTextures/503_756.mp4
213,213,real,0,train,original/213.mp4
083,083,real,0,train,original/083.mp4
213_083,083,nt,1,train,NeuralTextures/213_083.mp4
083_213,213,nt,1,train,NeuralTextures/083_213.mp4
039,039,real,0,train,original/039.mp4
058,058,real,0,train,original/058.mp4
039_058,058,nt,1,train,NeuralTextures/039_058.mp4
058_039,039,nt,1,train,NeuralTextures/058_039.mp4
781,781,real,0,train,original/781.mp4
806,806,real,0,train,original/806.mp4
781_806,806,nt,1,train,NeuralTextures/781_806.mp4
806_781,781,nt,1,train,NeuralTextures/806_781.mp4
620,620,real,0,train,original/620.mp4
619,619,real,0,train,original/619.mp4
620_619,619,nt,1,train,NeuralTextures/620_619.mp4
619_620,620,nt,1,train,NeuralTextures/619_620.mp4
351,351,real,0,train,original/351.mp4
346,346,real,0,train,original/346.mp4
351_346,346,nt,1,train,NeuralTextures/351_346.mp4
346_351,351,nt,1,train,NeuralTextures/346_351.mp4
959,959,real,0,train,original/959.mp4
957,957,real,0,train,original/957.mp4
959_957,957,nt,1,train,NeuralTextures/959_957.mp4
957_959,959,nt,1,train,NeuralTextures/957_959.mp4
264,264,real,0,train,original/264.mp4
271,271,real,0,train,original/271.mp4
264_271,271,nt,1,train,NeuralTextures/264_271.mp4
271_264,264,nt,1,train,NeuralTextures/271_264.mp4
006,006,real,0,train,original/006.mp4
002,002,real,0,train,original/002.mp4
006_002,002,nt,1,train,NeuralTextures/006_002.mp4
002_006,006,nt,1,train,NeuralTextures/002_006.mp4
391,391,real,0,train,original/391.mp4
406,406,real,0,train,original/406.mp4
391_406,406,nt,1,train,NeuralTextures/391_406.mp4
406_391,391,nt,1,train,NeuralTextures/406_391.mp4
631,631,real,0,train,original/631.mp4
551,551,real,0,train,original/551.mp4
631_551,551,nt,1,train,NeuralTextures/631_551.mp4
551_631,631,nt,1,train,NeuralTextures/551_631.mp4
501,501,real,0,train,original/501.mp4
326,326,real,0,train,original/326.mp4
501_326,326,nt,1,train,NeuralTextures/501_326.mp4
326_501,501,nt,1,train,NeuralTextures/326_501.mp4
412,412,real,0,train,original/412.mp4
274,274,real,0,train,original/274.mp4
412_274,274,nt,1,train,NeuralTextures/412_274.mp4
274_412,412,nt,1,train,NeuralTextures/274_412.mp4
641,641,real,0,train,original/641.mp4
662,662,real,0,train,original/662.mp4
641_662,662,nt,1,train,NeuralTextures/641_662.mp4
662_641,641,nt,1,train,NeuralTextures/662_641.mp4
111,111,real,0,train,original/111.mp4
094,094,real,0,train,original/094.mp4
111_094,094,nt,1,train,NeuralTextures/111_094.mp4
094_111,111,nt,1,train,NeuralTextures/094_111.mp4
166,166,real,0,train,original/166.mp4
167,167,real,0,train,original/167.mp4
166_167,167,nt,1,train,NeuralTextures/166_167.mp4
167_166,166,nt,1,train,NeuralTextures/167_166.mp4
130,130,real,0,train,original/130.mp4
139,139,real,0,train,original/139.mp4
130_139,139,nt,1,train,NeuralTextures/130_139.mp4
139_130,130,nt,1,train,NeuralTextures/139_130.mp4
938,938,real,0,train,original/938.mp4
987,987,real,0,train,original/987.mp4
938_987,987,nt,1,train,NeuralTextures/938_987.mp4
987_938,938,nt,1,train,NeuralTextures/987_938.mp4
055,055,real,0,train,original/055.mp4
147,147,real,0,train,original/147.mp4
055_147,147,nt,1,train,NeuralTextures/055_147.mp4
147_055,055,nt,1,train,NeuralTextures/147_055.mp4
990,990,real,0,train,original/990.mp4
008,008,real,0,train,original/008.mp4
990_008,008,nt,1,train,NeuralTextures/990_008.mp4
008_990,990,nt,1,train,NeuralTextures/008_990.mp4
013,013,real,0,train,original/013.mp4
883,883,real,0,train,original/883.mp4
013_883,883,nt,1,train,NeuralTextures/013_883.mp4
883_013,013,nt,1,train,NeuralTextures/883_013.mp4
614,614,real,0,train,original/614.mp4
616,616,real,0,train,original/616.mp4
614_616,616,nt,1,train,NeuralTextures/614_616.mp4
616_614,614,nt,1,train,NeuralTextures/616_614.mp4
772,772,real,0,train,original/772.mp4
708,708,real,0,train,original/708.mp4
772_708,708,nt,1,train,NeuralTextures/772_708.mp4
708_772,772,nt,1,train,NeuralTextures/708_772.mp4
840,840,real,0,train,original/840.mp4
800,800,real,0,train,original/800.mp4
840_800,800,nt,1,train,NeuralTextures/840_800.mp4
800_840,840,nt,1,train,NeuralTextures/800_840.mp4
415,415,real,0,train,original/415.mp4
484,484,real,0,train,original/484.mp4
415_484,484,nt,1,train,NeuralTextures/415_484.mp4
484_415,415,nt,1,train,NeuralTextures/484_415.mp4
287,287,real,0,train,original/287.mp4
426,426,real,0,train,original/426.mp4
287_426,426,nt,1,train,NeuralTextures/287_426.mp4
426_287,287,nt,1,train,NeuralTextures/426_287.mp4
680,680,real,0,train,original/680.mp4
486,486,real,0,train,original/486.mp4
680_486,486,nt,1,train,NeuralTextures/680_486.mp4
486_680,680,nt,1,train,NeuralTextures/486_680.mp4
057,057,real,0,train,original/057.mp4
070,070,real,0,train,original/070.mp4
057_070,070,nt,1,train,NeuralTextures/057_070.mp4
070_057,057,nt,1,train,NeuralTextures/070_057.mp4
590,590,real,0,train,original/590.mp4
034,034,real,0,train,original/034.mp4
590_034,034,nt,1,train,NeuralTextures/590_034.mp4
034_590,590,nt,1,train,NeuralTextures/034_590.mp4
194,194,real,0,train,original/194.mp4
235,235,real,0,train,original/235.mp4
194_235,235,nt,1,train,NeuralTextures/194_235.mp4
235_194,194,nt,1,train,NeuralTextures/235_194.mp4
291,291,real,0,train,original/291.mp4
874,874,real,0,train,original/874.mp4
291_874,874,nt,1,train,NeuralTextures/291_874.mp4
874_291,291,nt,1,train,NeuralTextures/874_291.mp4
902,902,real,0,train,original/902.mp4
901,901,real,0,train,original/901.mp4
902_901,901,nt,1,train,NeuralTextures/902_901.mp4
901_902,902,nt,1,train,NeuralTextures/901_902.mp4
343,343,real,0,train,original/343.mp4
363,363,real,0,train,original/363.mp4
343_363,363,nt,1,train,NeuralTextures/343_363.mp4
363_343,343,nt,1,train,NeuralTextures/363_343.mp4
279,279,real,0,train,original/279.mp4
298,298,real,0,train,original/298.mp4
279_298,298,nt,1,train,NeuralTextures/279_298.mp4
298_279,279,nt,1,train,NeuralTextures/298_279.mp4
393,393,real,0,train,original/393.mp4
405,405,real,0,train,original/405.mp4
393_405,405,nt,1,train,NeuralTextures/393_405.mp4
405_393,393,nt,1,train,NeuralTextures/405_393.mp4
674,674,real,0,train,original/674.mp4
744,744,real,0,train,original/744.mp4
674_744,744,nt,1,train,NeuralTextures/674_744.mp4
744_674,674,nt,1,train,NeuralTextures/744_674.mp4
244,244,real,0,train,original/244.mp4
822,822,real,0,train,original/822.mp4
244_822,822,nt,1,train,NeuralTextures/244_822.mp4
822_244,244,nt,1,train,NeuralTextures/822_244.mp4
133,133,real,0,train,original/133.mp4
148,148,real,0,train,original/148.mp4
133_148,148,nt,1,train,NeuralTextures/133_148.mp4
148_133,133,nt,1,train,NeuralTextures/148_133.mp4
636,636,real,0,train,original/636.mp4
578,578,real,0,train,original/578.mp4
636_578,578,nt,1,train,NeuralTextures/636_578.mp4
578_636,636,nt,1,train,NeuralTextures/578_636.mp4
637,637,real,0,train,original/637.mp4
427,427,real,0,train,original/427.mp4
637_427,427,nt,1,train,NeuralTextures/637_427.mp4
427_637,637,nt,1,train,NeuralTextures/427_637.mp4
041,041,real,0,train,original/041.mp4
063,063,real,0,train,original/063.mp4
041_063,063,nt,1,train,NeuralTextures/041_063.mp4
063_041,041,nt,1,train,NeuralTextures/063_041.mp4
869,869,real,0,train,original/869.mp4
780,780,real,0,train,original/780.mp4
869_780,780,nt,1,train,NeuralTextures/869_780.mp4
780_869,869,nt,1,train,NeuralTextures/780_869.mp4
733,733,real,0,train,original/733.mp4
935,935,real,0,train,original/935.mp4
733_935,935,nt,1,train,NeuralTextures/733_935.mp4
935_733,733,nt,1,train,NeuralTextures/935_733.mp4
259,259,real,0,train,original/259.mp4
345,345,real,0,train,original/345.mp4
259_345,345,nt,1,train,NeuralTextures/259_345.mp4
345_259,259,nt,1,train,NeuralTextures/345_259.mp4
069,069,real,0,train,original/069.mp4
961,961,real,0,train,original/961.mp4
069_961,961,nt,1,train,NeuralTextures/069_961.mp4
961_069,069,nt,1,train,NeuralTextures/961_069.mp4
783,783,real,0,train,original/783.mp4
916,916,real,0,train,original/916.mp4
783_916,916,nt,1,train,NeuralTextures/783_916.mp4
916_783,783,nt,1,train,NeuralTextures/916_783.mp4
191,191,real,0,train,original/191.mp4
188,188,real,0,train,original/188.mp4
191_188,188,nt,1,train,NeuralTextures/191_188.mp4
188_191,191,nt,1,train,NeuralTextures/188_191.mp4
526,526,real,0,train,original/526.mp4
436,436,real,0,train,original/436.mp4
526_436,436,nt,1,train,NeuralTextures/526_436.mp4
436_526,526,nt,1,train,NeuralTextures/436_526.mp4
123,123,real,0,train,original/123.mp4
119,119,real,0,train,original/119.mp4
123_119,119,nt,1,train,NeuralTextures/123_119.mp4
119_123,123,nt,1,train,NeuralTextures/119_123.mp4
207,207,real,0,train,original/207.mp4
908,908,real,0,train,original/908.mp4
207_908,908,nt,1,train,NeuralTextures/207_908.mp4
908_207,207,nt,1,train,NeuralTextures/908_207.mp4
796,796,real,0,train,original/796.mp4
740,740,real,0,train,original/740.mp4
796_740,740,nt,1,train,NeuralTextures/796_740.mp4
740_796,796,nt,1,train,NeuralTextures/740_796.mp4
815,815,real,0,train,original/815.mp4
730,730,real,0,train,original/730.mp4
815_730,730,nt,1,train,NeuralTextures/815_730.mp4
730_815,815,nt,1,train,NeuralTextures/730_815.mp4
173,173,real,0,train,original/173.mp4
171,171,real,0,train,original/171.mp4
173_171,171,nt,1,train,NeuralTextures/173_171.mp4
171_173,173,nt,1,train,NeuralTextures/171_173.mp4
383,383,real,0,train,original/383.mp4
353,353,real,0,train,original/353.mp4
383_353,353,nt,1,train,NeuralTextures/383_353.mp4
353_383,383,nt,1,train,NeuralTextures/353_383.mp4
458,458,real,0,train,original/458.mp4
722,722,real,0,train,original/722.mp4
458_722,722,nt,1,train,NeuralTextures/458_722.mp4
722_458,458,nt,1,train,NeuralTextures/722_458.mp4
533,533,real,0,train,original/533.mp4
450,450,real,0,train,original/450.mp4
533_450,450,nt,1,train,NeuralTextures/533_450.mp4
450_533,533,nt,1,train,NeuralTextures/450_533.mp4
618,618,real,0,train,original/618.mp4
629,629,real,0,train,original/629.mp4
618_629,629,nt,1,train,NeuralTextures/618_629.mp4
629_618,618,nt,1,train,NeuralTextures/629_618.mp4
646,646,real,0,train,original/646.mp4
643,643,real,0,train,original/643.mp4
646_643,643,nt,1,train,NeuralTextures/646_643.mp4
643_646,646,nt,1,train,NeuralTextures/643_646.mp4
531,531,real,0,train,original/531.mp4
549,549,real,0,train,original/549.mp4
531_549,549,nt,1,train,NeuralTextures/531_549.mp4
549_531,531,nt,1,train,NeuralTextures/549_531.mp4
428,428,real,0,train,original/428.mp4
466,466,real,0,train,original/466.mp4
428_466,466,nt,1,train,NeuralTextures/428_466.mp4
466_428,428,nt,1,train,NeuralTextures/466_428.mp4
859,859,real,0,train,original/859.mp4
843,843,real,0,train,original/843.mp4
859_843,843,nt,1,train,NeuralTextures/859_843.mp4
843_859,859,nt,1,train,NeuralTextures/843_859.mp4
692,692,real,0,train,original/692.mp4
610,610,real,0,train,original/610.mp4
692_610,610,nt,1,train,NeuralTextures/692_610.mp4
610_692,692,nt,1,train,NeuralTextures/610_692.mp4
